{
  "LiteOS/GetSortLinkNextExpireTime.c": "LiteOS",
  "LiteOS/Get_Set_Value.c": "LiteOS",
  "LiteOS/LOS_ListDelInit.c": "LiteOS",
  "LiteOS/LOS_ListDelete.c": "LiteOS",
  "LiteOS/LOS_ListEmpty.c": "LiteOS",
  "LiteOS/LOS_ListInit.c": "LiteOS",
  "LiteOS/List_Add.c": "LiteOS",
  "LiteOS/OsAdd2SortLink.c": "LiteOS",
  "LiteOS/OsDeleteNodeSortLink.c": "LiteOS",
  "LiteOS/OsDeleteSortLink.c": "LiteOS",
  "LiteOS/OsGetNextExpireTime.c": "LiteOS",
  "LiteOS/OsGetSortLinkAttribute.c": "LiteOS",
  "LiteOS/OsSortLinkGetNextExpireTime.c": "LiteOS",
  "LiteOS/OsSortLinkGetRemainTime.c": "LiteOS",
  "LiteOS/OsSortLinkGetTargetExpireTime.c": "LiteOS",
  "LiteOS/OsSortLinkInit.c": "LiteOS",
  "LiteOS/OsSortLinkResponseTimeConvertFreq.c": "LiteOS",
  "alpha_equiv/alpha_equiv.c": "Real algorithms",
  "alpha_equiv/subst.c": "Real algorithms",
  "alpha_equiv/thm_apply.c": "Real algorithms",
  "array_auto.c": "Typical data structure",
  "avl_insert.c": "Typical data structure",
  "bst_delete_rec.c": "Typical data structure",
  "bst_delete_rec2.c": "Typical data structure",
  "bst_fp_delete.c": "Typical data structure",
  "bst_fp_insert.c": "Typical data structure",
  "bst_insert.c": "Typical data structure",
  "bst_insert_rec.c": "Typical data structure",
  "chars.c": "Typical data structure",
  "cnf_trans/cnf_trans.c": "Real algorithms",
  "dll_auto.c": "Typical data structure",
  "dll_queue.c": "Typical data structure",
  "eval.c": "Typical data structure",
  "fme/fme.c": "Real algorithms",
  "functional_queue.c": "Typical data structure",
  "minigmp/gmp.c": "Real algorithms",
  "poly_sll.c": "Typical data structure",
  "simple_arith/Always_pos.c": "Arithmetic",
  "simple_arith/abs.c": "Arithmetic",
  "simple_arith/add.c": "Arithmetic",
  "simple_arith/div_test.c": "Arithmetic",
  "simple_arith/exgcd.c": "Arithmetic",
  "simple_arith/gcd.c": "Arithmetic",
  "simple_arith/max3.c": "Arithmetic",
  "sll.c": "Typical data structure",
  "sll_auto.c": "Typical data structure",
  "sll_insert_sort.c": "Typical algorithms",
  "sll_merge.c": "Typical algorithms",
  "sll_queue.c": "Typical data structure",
  "sum.c": "Typical data structure",
  "swap.c": "Typical algorithms",
  "typeinfer/typeinfer.c": "Real algorithms",
  "int_array_merge_rel.c": "Typical algorithms",
  "kmp_rel.c": "Typical algorithms",
  "sll_merge_rel.c": "Typical algorithms",
  "sll_split_while.c": "Typical algorithms"
}